"name","surname"
"virat","kohli"
"rohit","sharma"
"ms","dhoni"
"Aditi","Sharma"
"Rohan","Verma"
"Sameer","Patel"
"Kavita","Mehta"
"Sunita","Yadav"
"Vikram","Joshi"
"Neha","Kapoor"
"Pankaj","Deshmukh"
"Ajay","Bansal"
"Rajesh","Nair"
"Swati","Iyer"
"Gaurav","Gupta"
"Alok","Chauhan"
"Sakshi","Rao"
"Manish","Ghosh"
"Vandana","Shetty"
"Rahul","Bhatt"
"Abhinav","Tiwari"
"Meena","Goel"
"Karan","Batra"
"Arjun","Desai"
"Sanya","Roy"
"Praveen","Kumar"
"Shruti","Malhotra"
"Rakesh","Naik"
"Rekha","Chatterjee"
"Mohit","Aggarwal"
"Tara","Pillai"
"Vikas","Trivedi"
"Shalini","Anand"
"Nitin","Jain"
"Sandeep","Singh"
"Amit","Gupta"
"Sneha","Kapoor"
"Nisha","Rao"
"Arjun","Nair"
"Vikas","Patel"
"ravindra","jadeja"
"Nisha","Kulkarni"
"Deepak","Reddy"
"Kiran","Desai"
"Ravi","Joshi"
"hardik","pandya"
"Priya","Singh"
"Ankit","Chawla"
"Divya","Agarwal"
"Pooja","Mehta"
